"Status","Start Time","Stop Time","Duration in ms","Parent Suite","Suite","Sub Suite","Test Class","Test Method","Name","Description"
"passed","Sun Oct 01 21:02:34 GMT+04:00 2023","Sun Oct 01 21:02:34 GMT+04:00 2023","1","","simple.tests.PositiveTests","","simple.tests.PositiveTests","someTest2","someTest2()",""
"passed","Sun Oct 01 21:02:34 GMT+04:00 2023","Sun Oct 01 21:02:34 GMT+04:00 2023","1","","simple.tests.PositiveTests","","simple.tests.PositiveTests","someTest4","someTest4()",""
"passed","Sun Oct 01 21:02:34 GMT+04:00 2023","Sun Oct 01 21:02:34 GMT+04:00 2023","2","","simple.tests.PositiveTests","","simple.tests.PositiveTests","someTest","someTest()",""
"passed","Sun Oct 01 21:02:34 GMT+04:00 2023","Sun Oct 01 21:02:34 GMT+04:00 2023","1","","simple.tests.PositiveTests","","simple.tests.PositiveTests","someTest9","someTest9()",""
"passed","Sun Oct 01 21:02:34 GMT+04:00 2023","Sun Oct 01 21:02:34 GMT+04:00 2023","2","","simple.tests.PositiveTests","","simple.tests.PositiveTests","someTest6","someTest6()",""
"passed","Sun Oct 01 21:02:34 GMT+04:00 2023","Sun Oct 01 21:02:34 GMT+04:00 2023","1","","simple.tests.PositiveTests","","simple.tests.PositiveTests","someTest5","someTest5()",""
"passed","Sun Oct 01 21:02:34 GMT+04:00 2023","Sun Oct 01 21:02:34 GMT+04:00 2023","1","","simple.tests.PositiveTests","","simple.tests.PositiveTests","someTest8","someTest8()",""
"passed","Sun Oct 01 21:02:34 GMT+04:00 2023","Sun Oct 01 21:02:34 GMT+04:00 2023","2","","simple.tests.PositiveTests","","simple.tests.PositiveTests","someTest7","someTest7()",""
"passed","Sun Oct 01 21:02:34 GMT+04:00 2023","Sun Oct 01 21:02:34 GMT+04:00 2023","1","","simple.tests.PositiveTests","","simple.tests.PositiveTests","someTest3","someTest3()",""
"passed","Sun Oct 01 21:02:33 GMT+04:00 2023","Sun Oct 01 21:02:33 GMT+04:00 2023","31","","simple.tests.PositiveTests","","simple.tests.PositiveTests","someTest1","someTest1()",""
